Date,AAPL,MSFT,NVDA,META,GOOG,SPY,QQQ,XLK
2025-01-02,190.00,420.00,134.00,600.00,190.00,590.00,515.00,230.00
2025-01-03,191.20,421.10,135.80,602.40,191.10,591.50,516.70,231.00
2025-01-06,189.80,419.90,134.70,598.50,190.40,589.80,514.90,229.80
2025-01-07,192.10,423.40,137.20,604.10,192.00,593.20,518.40,232.10
2025-01-08,193.00,424.20,138.10,605.50,192.60,594.00,519.20,232.80
2025-01-09,191.70,422.80,136.90,603.00,191.80,592.10,517.50,231.70
2025-01-10,194.20,425.60,139.40,607.20,193.10,595.40,520.10,233.90
2025-01-13,195.10,427.00,140.80,609.00,193.90,596.80,521.60,234.80

